{
    "title": "modifier_options",
    "type": "object",
    "properties": {
        "id": {
            "type": "integer",
            "description": "Primary key, auto-increment"
        },
        "modifier_group_id": {
            "type": "integer",
            "description": "Foreign key to modifier_groups"
        },
        "name": {
            "type": "string"
        },
        "price_adjustment": {
            "type": "number",
            "default": 0
        },
        "is_active": {
            "type": "boolean",
            "default": true
        },
        "sort_order": {
            "type": "integer",
            "default": 0
        },
        "created_at": {
            "type": "string",
            "format": "date-time"
        }
    },
    "required": [
        "id",
        "modifier_group_id",
        "name"
    ]
}