{
    "title": "order_item_modifiers",
    "type": "object",
    "properties": {
        "id": {
            "type": "integer",
            "description": "Primary key, auto-increment"
        },
        "order_item_id": {
            "type": "integer",
            "description": "Foreign key to order_items"
        },
        "modifier_option_id": {
            "type": "integer",
            "description": "Foreign key to modifier_options"
        },
        "modifier_name": {
            "type": "string"
        },
        "option_name": {
            "type": "string"
        },
        "price_adjustment": {
            "type": "number",
            "default": 0
        },
        "created_at": {
            "type": "string",
            "format": "date-time"
        }
    },
    "required": [
        "id",
        "order_item_id",
        "modifier_name",
        "option_name"
    ]
}