{
    "title": "organizations",
    "type": "object",
    "properties": {
        "id": {
            "type": "integer",
            "description": "Primary key, auto-increment"
        },
        "name": {
            "type": "string",
            "description": "Organization name"
        },
        "slug": {
            "type": "string",
            "description": "URL-friendly identifier"
        },
        "business_type": {
            "type": "string",
            "description": "Type of business"
        },
        "phone": {
            "type": "string"
        },
        "email": {
            "type": "string"
        },
        "address_line1": {
            "type": "string"
        },
        "address_line2": {
            "type": "string"
        },
        "city": {
            "type": "string"
        },
        "state": {
            "type": "string"
        },
        "postal_code": {
            "type": "string"
        },
        "country": {
            "type": "string",
            "default": "US"
        },
        "timezone": {
            "type": "string",
            "default": "America/New_York"
        },
        "currency": {
            "type": "string",
            "default": "USD"
        },
        "helcim_merchant_id": {
            "type": "string"
        },
        "helcim_api_token": {
            "type": "string"
        },
        "helcim_connected_at": {
            "type": "string",
            "format": "date-time"
        },
        "status": {
            "type": "string",
            "default": "active"
        },
        "created_at": {
            "type": "string",
            "format": "date-time"
        },
        "updated_at": {
            "type": "string",
            "format": "date-time"
        }
    },
    "required": [
        "id",
        "name",
        "slug"
    ]
}