[
    {
        "organization_id": 1,
        "name": "Espresso",
        "description": "Rich and bold espresso shot",
        "item_type": "product",
        "sku": "COFFEE-ESP",
        "base_price": 3.5,
        "cost": 0.8,
        "tax_rate": 8.5,
        "category": "Coffee",
        "is_active": true,
        "track_inventory": false,
        "created_at": "2024-01-15 10:00:00",
        "updated_at": "2024-01-15 10:00:00"
    },
    {
        "organization_id": 1,
        "name": "Latte",
        "description": "Smooth espresso with steamed milk",
        "item_type": "product",
        "sku": "COFFEE-LAT",
        "base_price": 4.5,
        "cost": 1.2,
        "tax_rate": 8.5,
        "category": "Coffee",
        "is_active": true,
        "track_inventory": false,
        "created_at": "2024-01-15 10:00:00",
        "updated_at": "2024-01-15 10:00:00"
    },
    {
        "organization_id": 1,
        "name": "Cappuccino",
        "description": "Espresso with foamed milk",
        "item_type": "product",
        "sku": "COFFEE-CAP",
        "base_price": 4.5,
        "cost": 1.2,
        "tax_rate": 8.5,
        "category": "Coffee",
        "is_active": true,
        "track_inventory": false,
        "created_at": "2024-01-15 10:00:00",
        "updated_at": "2024-01-15 10:00:00"
    },
    {
        "organization_id": 1,
        "name": "Croissant",
        "description": "Buttery and flaky French pastry",
        "item_type": "product",
        "sku": "PASTRY-CRO",
        "base_price": 3.5,
        "cost": 1.0,
        "tax_rate": 8.5,
        "category": "Pastries",
        "is_active": true,
        "track_inventory": true,
        "current_stock": 24,
        "low_stock_alert": 5,
        "created_at": "2024-01-15 10:00:00",
        "updated_at": "2024-01-15 10:00:00"
    },
    {
        "organization_id": 1,
        "name": "Blueberry Muffin",
        "description": "Fresh baked muffin with blueberries",
        "item_type": "product",
        "sku": "PASTRY-MUF",
        "base_price": 3.75,
        "cost": 1.1,
        "tax_rate": 8.5,
        "category": "Pastries",
        "is_active": true,
        "track_inventory": true,
        "current_stock": 18,
        "low_stock_alert": 5,
        "created_at": "2024-01-15 10:00:00",
        "updated_at": "2024-01-15 10:00:00"
    },
    {
        "organization_id": 1,
        "name": "Sandwich - Turkey Club",
        "description": "Turkey, bacon, lettuce, tomato on sourdough",
        "item_type": "product",
        "sku": "SAND-TUR",
        "base_price": 8.95,
        "cost": 3.5,
        "tax_rate": 8.5,
        "category": "Sandwiches",
        "is_active": true,
        "track_inventory": false,
        "created_at": "2024-01-15 10:00:00",
        "updated_at": "2024-01-15 10:00:00"
    }
]