[
    {
        "item_id": 2,
        "modifier_group_id": 1,
        "sort_order": 1,
        "created_at": "2024-01-15 10:00:00"
    },
    {
        "item_id": 2,
        "modifier_group_id": 2,
        "sort_order": 2,
        "created_at": "2024-01-15 10:00:00"
    },
    {
        "item_id": 2,
        "modifier_group_id": 3,
        "sort_order": 3,
        "created_at": "2024-01-15 10:00:00"
    },
    {
        "item_id": 3,
        "modifier_group_id": 1,
        "sort_order": 1,
        "created_at": "2024-01-15 10:00:00"
    },
    {
        "item_id": 3,
        "modifier_group_id": 2,
        "sort_order": 2,
        "created_at": "2024-01-15 10:00:00"
    },
    {
        "item_id": 3,
        "modifier_group_id": 3,
        "sort_order": 3,
        "created_at": "2024-01-15 10:00:00"
    }
]