[
    {
        "modifier_group_id": 1,
        "name": "Small (8oz)",
        "price_adjustment": -0.5,
        "is_active": true,
        "sort_order": 1,
        "created_at": "2024-01-15 10:00:00"
    },
    {
        "modifier_group_id": 1,
        "name": "Medium (12oz)",
        "price_adjustment": 0.0,
        "is_active": true,
        "sort_order": 2,
        "created_at": "2024-01-15 10:00:00"
    },
    {
        "modifier_group_id": 1,
        "name": "Large (16oz)",
        "price_adjustment": 0.75,
        "is_active": true,
        "sort_order": 3,
        "created_at": "2024-01-15 10:00:00"
    },
    {
        "modifier_group_id": 2,
        "name": "Whole Milk",
        "price_adjustment": 0.0,
        "is_active": true,
        "sort_order": 1,
        "created_at": "2024-01-15 10:00:00"
    },
    {
        "modifier_group_id": 2,
        "name": "Oat Milk",
        "price_adjustment": 0.75,
        "is_active": true,
        "sort_order": 2,
        "created_at": "2024-01-15 10:00:00"
    },
    {
        "modifier_group_id": 2,
        "name": "Almond Milk",
        "price_adjustment": 0.75,
        "is_active": true,
        "sort_order": 3,
        "created_at": "2024-01-15 10:00:00"
    },
    {
        "modifier_group_id": 3,
        "name": "Extra Shot",
        "price_adjustment": 1.0,
        "is_active": true,
        "sort_order": 1,
        "created_at": "2024-01-15 10:00:00"
    },
    {
        "modifier_group_id": 3,
        "name": "Vanilla Syrup",
        "price_adjustment": 0.5,
        "is_active": true,
        "sort_order": 2,
        "created_at": "2024-01-15 10:00:00"
    },
    {
        "modifier_group_id": 3,
        "name": "Caramel Syrup",
        "price_adjustment": 0.5,
        "is_active": true,
        "sort_order": 3,
        "created_at": "2024-01-15 10:00:00"
    },
    {
        "modifier_group_id": 3,
        "name": "Whipped Cream",
        "price_adjustment": 0.5,
        "is_active": true,
        "sort_order": 4,
        "created_at": "2024-01-15 10:00:00"
    }
]