[
    {
        "organization_id": 1,
        "name": "Size",
        "selection_type": "choose_one",
        "min_selections": 1,
        "max_selections": 1,
        "is_required": true,
        "sort_order": 1,
        "created_at": "2024-01-15 10:00:00"
    },
    {
        "organization_id": 1,
        "name": "Milk Options",
        "selection_type": "choose_one",
        "min_selections": 0,
        "max_selections": 1,
        "is_required": false,
        "sort_order": 2,
        "created_at": "2024-01-15 10:00:00"
    },
    {
        "organization_id": 1,
        "name": "Add-ons",
        "selection_type": "choose_many",
        "min_selections": 0,
        "max_selections": 5,
        "is_required": false,
        "sort_order": 3,
        "created_at": "2024-01-15 10:00:00"
    }
]